key,nickname,description,total_songs,total_playlists,total_friends,song_name,artist,album
448,난바다소년,소개글이 없습니다.,21,1,0,왔어,자자,Vision
448,난바다소년,소개글이 없습니다.,21,1,0,브람스 : 헝가리무곡 5번,Istvan Bogar,Discover The Classics
448,난바다소년,소개글이 없습니다.,21,1,0,Flower Dance,DJ Okawari,Kaleidoscope
448,난바다소년,소개글이 없습니다.,21,1,0,Because Of You,백지영,하이드 지킬, 나 OST Part 2
448,난바다소년,소개글이 없습니다.,21,1,0,전능하신 나의 주 하나님은 (인도 : 이민욱),어노인팅,다리놓는사람들 예배인도자 컨퍼런스 2004
448,난바다소년,소개글이 없습니다.,21,1,0,그게 나야,김동률,동행
448,난바다소년,소개글이 없습니다.,21,1,0,전능하신 나의 주 하나님,CCM루디아,신자들을 위한 찬양 Best CCM
448,난바다소년,소개글이 없습니다.,21,1,0,동행,김동률,동행
448,난바다소년,소개글이 없습니다.,21,1,0,내 사람,김동률,동행
448,난바다소년,소개글이 없습니다.,21,1,0,피아졸라 : 망각,Sefika Kutluer,세상의 모든 밤 (별이 빛나는 밤의 음악 이야기)
448,난바다소년,소개글이 없습니다.,21,1,0,Let It Go,Idina Menzel,겨울왕국 OST
448,난바다소년,소개글이 없습니다.,21,1,0,벽지무늬,아이유,Last Fantasy
448,난바다소년,소개글이 없습니다.,21,1,0,비밀,아이유,Last Fantasy
448,난바다소년,소개글이 없습니다.,21,1,0,너랑 나,아이유,Last Fantasy
448,난바다소년,소개글이 없습니다.,21,1,0,하나님의 은혜,박종호,모든 열방 주 볼 때까지
448,난바다소년,소개글이 없습니다.,21,1,0,바보 노무현,웜맨,바보 노무현
450,jakelee3124,소개글이 없습니다.,33,4,0,낡은 아파트,전근화,낡은 아파트
450,jakelee3124,소개글이 없습니다.,33,4,0,툭툭,전근화,툭툭
450,jakelee3124,소개글이 없습니다.,33,4,0,잘ZARA,뮤지,잘ZARA
450,jakelee3124,소개글이 없습니다.,33,4,0,물고기자리,JUNIEL,물고기자리
450,jakelee3124,소개글이 없습니다.,33,4,0,Take Me Now,FTISLAND,FTISLAND 6th ALBUM `Where`s the truth?`
450,jakelee3124,소개글이 없습니다.,33,4,0,네 생각,존박,네 생각
450,jakelee3124,소개글이 없습니다.,33,4,0,가라비러브 (Feat. 브레이, 덕배),EZEN,가라비러브
450,jakelee3124,소개글이 없습니다.,33,4,0,냉탕에 상어 (Feat. 블랙넛),슈퍼비 (Superbee),냉탕에 상어
450,jakelee3124,소개글이 없습니다.,33,4,0,너 그리고 나 (NAVILLERA),여자친구,여자친구 The 1st Album `LOL`
450,jakelee3124,소개글이 없습니다.,33,4,0,흐앤므 (H&M),유세윤,월세 유세윤 여덟 번째 이야기
450,jakelee3124,소개글이 없습니다.,33,4,0,WORLDWIDE (Feat. Dok2 & The Quiett),박재범,WORLDWIDE
450,jakelee3124,소개글이 없습니다.,33,4,0,Grown up,몽니,Grown up
450,jakelee3124,소개글이 없습니다.,33,4,0,Higher Than E-Sens,블랙넛 (Black Nut),No Diss
450,jakelee3124,소개글이 없습니다.,33,4,0,Hands Up (Feat. 테스 (Teth)),지푸와 친구들,핸즈 업 (Hands Up)
450,jakelee3124,소개글이 없습니다.,33,4,0,꺼내 먹어요,Zion.T,Eat
450,jakelee3124,소개글이 없습니다.,33,4,0,식어가는 중,전근화,식어가는 중
450,jakelee3124,소개글이 없습니다.,33,4,0,What A Feeling (영화 `플래쉬댄스`),Irene Cara,영화를 빛낸 위대한 오리지날 팝송 베스트 Vol.1 (열정의 순간 : 한국인이 사랑하는 7080 추억의 올드(골든)팝 댄스)
450,jakelee3124,소개글이 없습니다.,33,4,0,날 좀 내버려두세요,몽니,단 한번의 여행 (Special Edition)
450,jakelee3124,소개글이 없습니다.,33,4,0,노크할까요?,전근화,모던파머 OST Part 3
450,jakelee3124,소개글이 없습니다.,33,4,0,I`m Fallin`,전근화,I`m Fallin`
450,jakelee3124,소개글이 없습니다.,33,4,0,다 줄거야 (Acoustic Ver.),조규만,I Will Give You All
450,jakelee3124,소개글이 없습니다.,33,4,0,바람기억,나얼,Principle Of My Soul
450,jakelee3124,소개글이 없습니다.,33,4,0,Ode To Oi,TJR,Ode To Oi
450,jakelee3124,소개글이 없습니다.,33,4,0,어때 (Feat. 하림),긱스 (Geeks),어때
450,jakelee3124,소개글이 없습니다.,33,4,0,강남스타일,싸이,싸이6甲 Part.1
450,jakelee3124,소개글이 없습니다.,33,4,0,GENTLEMAN,싸이,GENTLEMAN
450,jakelee3124,소개글이 없습니다.,33,4,0,나 사나이다 (With 김지현) - 야인시대 주제가,이혁준,Dramatic!
450,jakelee3124,소개글이 없습니다.,33,4,0,Man In Love (남자가 사랑할때),인피니트,New Challenge
450,jakelee3124,소개글이 없습니다.,33,4,0,Tchu Tchu Tcha (Feat. Enrique Iglesias),Pitbull,Global Warming (Deluxe Ver.)
450,jakelee3124,소개글이 없습니다.,33,4,0,When I Come Around,Green Day,Dookie
452,나는안다.,소개글이 없습니다.,40,2,1,Ocean Of Light,넬 (NELL),Escaping Gravity
452,나는안다.,소개글이 없습니다.,40,2,1,Hello (Feat. 버벌진트),조용필,Hello
452,나는안다.,소개글이 없습니다.,40,2,1,I Love You,악동뮤지션,내 연애의 모든 것 OST Part.3
452,나는안다.,소개글이 없습니다.,40,2,1,Bounce,조용필,Bounce
452,나는안다.,소개글이 없습니다.,40,2,1,Winter Wonderland,Jason Mraz,This Is Christmas (Festive Favourites)
452,나는안다.,소개글이 없습니다.,40,2,1,Secret Love,구하라 (카라),KARA SoloCollection
452,나는안다.,소개글이 없습니다.,40,2,1,되돌리다,이승기,숲
452,나는안다.,소개글이 없습니다.,40,2,1,잊었니,정준영,슈퍼스타K4 Top 12 Part.6
452,나는안다.,소개글이 없습니다.,40,2,1,떠나지마,딕펑스,슈퍼스타K4 Top 12 Part.6
452,나는안다.,소개글이 없습니다.,40,2,1,가족,홍대광,슈퍼스타K4 Top12 Part.3
452,나는안다.,소개글이 없습니다.,40,2,1,물들어,손승연,보이스 코리아 Part 2
452,나는안다.,소개글이 없습니다.,40,2,1,Replay,손승연,미운 오리의 날개 짓
452,나는안다.,소개글이 없습니다.,40,2,1,팔베개,뜨거운 감자,Who Doesn`t Like Sweet Things.
452,나는안다.,소개글이 없습니다.,40,2,1,With You,윤건,Far East 2 Bricklane
452,나는안다.,소개글이 없습니다.,40,2,1,열정,유승우,슈퍼스타 K4 Top 12 Part.2
452,나는안다.,소개글이 없습니다.,40,2,1,매일 매일 기다려,정준영,슈퍼스타 K4 Top 12 Part.1
452,나는안다.,소개글이 없습니다.,40,2,1,이미 넌 고마운 사람,홍대광,슈퍼스타 K4 Top 12 Part.2
452,나는안다.,소개글이 없습니다.,40,2,1,Love Story,에디킴,슈퍼스타 K4 Top 12 Part.2
452,나는안다.,소개글이 없습니다.,40,2,1,Fine Thank You And You?,10cm,2.0
452,나는안다.,소개글이 없습니다.,40,2,1,노래만 불렀지,홍대광,슈퍼스타 K4 Top 12 Part.1
452,나는안다.,소개글이 없습니다.,40,2,1,비켜줄께,허니지,슈퍼스타 K4 Top 12 Part.1
452,나는안다.,소개글이 없습니다.,40,2,1,사랑아 가지마 (Special Track),아일랜더,골든타임 OST
452,나는안다.,소개글이 없습니다.,40,2,1,그 남자 (원곡가수 현빈),더 원,`나는 가수다 2` 9월 B조 경연
452,나는안다.,소개글이 없습니다.,40,2,1,Love, Love, Love.,백아연,I`m Baek
452,나는안다.,소개글이 없습니다.,40,2,1,클라라의 꿈,오렌지 캬라멜,립스틱 (LIPSTICK)
452,나는안다.,소개글이 없습니다.,40,2,1,사랑을 미룰 순 없나요,오렌지 캬라멜,립스틱 (LIPSTICK)
452,나는안다.,소개글이 없습니다.,40,2,1,Superwoman,오렌지 캬라멜,립스틱 (LIPSTICK)
452,나는안다.,소개글이 없습니다.,40,2,1,One Love,오렌지 캬라멜,립스틱 (LIPSTICK)
452,나는안다.,소개글이 없습니다.,40,2,1,밀크쉐이크,오렌지 캬라멜,립스틱 (LIPSTICK)
452,나는안다.,소개글이 없습니다.,40,2,1,좋겠어 (I wish),FTISLAND,FIVE TREASURE BOX
452,나는안다.,소개글이 없습니다.,40,2,1,뿌요뿌요,유피,Up Best + 1
452,나는안다.,소개글이 없습니다.,40,2,1,하늘땅 별땅,비비,하늘 땅 별 땅
452,나는안다.,소개글이 없습니다.,40,2,1,별땅,척,척 Chuck 척
452,나는안다.,소개글이 없습니다.,40,2,1,Blue Rain,핑클,Fine Killing Liberty : Blue Rain
452,나는안다.,소개글이 없습니다.,40,2,1,ANYMORE,서인영,ANYMORE
452,나는안다.,소개글이 없습니다.,40,2,1,샤넬이 좋아,코믹캡슐,샤넬이 좋아
452,나는안다.,소개글이 없습니다.,40,2,1,Survivor,동방신기,Survivor
