key|nickname|description|total_songs|total_playlists|total_friends|song_name|artist|album
10015|치리|소개글이 없습니다.|45|15|0|what2do (Feat. Crush, Jeff Bernat)|DEAN|130 mood : TRBL
10015|치리|소개글이 없습니다.|45|15|0|1월부터 6월까지|윤종신|행보 2013 윤종신
10015|치리|소개글이 없습니다.|45|15|0|눈의 꽃|박효신|미안하다 사랑한다 OST
10015|치리|소개글이 없습니다.|45|15|0|MS.BURGUNDY (미스 버건디)|손승연|MS.BURGUNDY (미스 버건디)
10015|치리|소개글이 없습니다.|45|15|0|미안해요 (Feat. T.O.P)|거미|Comfort
10015|치리|소개글이 없습니다.|45|15|0|꽃이 핀다|케이윌|[RE:]
10015|치리|소개글이 없습니다.|45|15|0|정류장|버스커 버스커|슈퍼스타K 3 Top11 Part 3
10015|치리|소개글이 없습니다.|45|15|0|그사람|화요비|820211
10015|치리|소개글이 없습니다.|45|15|0|Christmalo.win|서태지|Quiet Night
10015|치리|소개글이 없습니다.|45|15|0|I, I Love You|에스나 (eSNa)|I, I Love You
10015|치리|소개글이 없습니다.|45|15|0|No One Else Like You|Adam Levine (Maroon 5)|비긴 어게인 OST
10015|치리|소개글이 없습니다.|45|15|0|요즘 바쁜가봐|투빅|Soul Mate (소울메이트)
10015|치리|소개글이 없습니다.|45|15|0|Slow Dance|에디킴|너 사용법
10015|치리|소개글이 없습니다.|45|15|0|고백|정준일|보고싶었어요
10015|치리|소개글이 없습니다.|45|15|0|Coast Is Clear (With Chance The Rapper And The Social Experiment )|Skrillex|Recess
10015|치리|소개글이 없습니다.|45|15|0|夜が明けるよ / Yoruga Akeruyo (날이 밝아와요)|Supercell|Today Is A Beautiful Day
10015|치리|소개글이 없습니다.|45|15|0|Luv is (Feat. 배치기)|임정희|Luv is
10015|치리|소개글이 없습니다.|45|15|0|Bonjour (Intro)|Jeff Bernat|The Gentleman Approach
10015|치리|소개글이 없습니다.|45|15|0|두사람|성시경|4집 - 다시 꿈꾸고 싶다
10015|치리|소개글이 없습니다.|45|15|0|Shadow (그림자)|비스트|Hard to love, How to love
10015|치리|소개글이 없습니다.|45|15|0|Give It To Me|씨스타|Give It To Me
10015|치리|소개글이 없습니다.|45|15|0|Beethoven : 11 Bagatelles No.9 In A Minor Op.119 (베토벤 : 바가텔 9번 가단조 작품번호 119)|Julia Zilberquit|3 Centuries Of Bagatelles
10015|치리|소개글이 없습니다.|45|15|0|비트윈|홀라당|Spotlight
10015|치리|소개글이 없습니다.|45|15|0|So Sick|성수진|SBS K팝 스타 시즌2 TOP 10 (1회)
10015|치리|소개글이 없습니다.|45|15|0|이별택시|김연우|연인
10015|치리|소개글이 없습니다.|45|15|0|라면인건가|악동뮤지션|SBS K팝 스타 시즌2 TOP 10 (1회)
10015|치리|소개글이 없습니다.|45|15|0|휘파람|로이킴|슈퍼스타 K4 Top 12 Part.2
10015|치리|소개글이 없습니다.|45|15|0|씨스루 (Feat. Zion.T, 개코 Of 다이나믹듀오)|프라이머리|Primary And The Messengers LP
10015|치리|소개글이 없습니다.|45|15|0|지나간다|김범수|Solista Part.1
10015|치리|소개글이 없습니다.|45|15|0|더 가까이|김연우|브레인 OST Part 5
10015|치리|소개글이 없습니다.|45|15|0|Brahms : Hungarian Dance No.1 In G Minor WoO.1 (브람스 : 헝가리 무곡 1번 사단조)|Ongakuno Tatsujin|작곡가 트리뷰트 : 브람스 - 헝가리무곡 1/2
10015|치리|소개글이 없습니다.|45|15|0|나를 미치게 하는 것 (Feat. Illinit)|화요비|I Am
10015|치리|소개글이 없습니다.|45|15|0|난 좋아|화요비|I Am
10015|치리|소개글이 없습니다.|45|15|0|난 이렇게 살아|화요비|I Am
10015|치리|소개글이 없습니다.|45|15|0|나는 위험해|화요비|I Am
10015|치리|소개글이 없습니다.|45|15|0|2 The Sky|화요비|2 The Sky
10015|치리|소개글이 없습니다.|45|15|0|난 이렇게 살아|화요비|난 이렇게 살아
10015|치리|소개글이 없습니다.|45|15|0|달팽이|패닉|Panic
10015|치리|소개글이 없습니다.|45|15|0|Fly Away|화요비|Sunshine
10015|치리|소개글이 없습니다.|45|15|0|고백|화요비|Nineteen Plus One
10018|KEONI|소개글이 없습니다.|2|0|0|FANTASTIC BABY|BIGBANG|빅뱅 미니앨범 5집 `ALIVE`
10019|뽀로로쌤|소개글이 없습니다.|10|17|0|월드컵 송|클론|The Best Hits Of 클론 2002(The History Of 클론 1996-2000)
10019|뽀로로쌤|소개글이 없습니다.|10|17|0|Finale|Hans Zimmer|론 레인저 OST
10019|뽀로로쌤|소개글이 없습니다.|10|17|0|외톨이야|CNBLUE (씨엔블루)|Bluetory
10019|뽀로로쌤|소개글이 없습니다.|10|17|0|Stan|Eminem|Curtain Call
10019|뽀로로쌤|소개글이 없습니다.|10|17|0|Asi Asi (Radio Edit)|Tacabro|Asi Asi
10019|뽀로로쌤|소개글이 없습니다.|10|17|0|Big Booty Bitches (Original Radio Edit)|Bombs Away|Big Booty Bitches
10019|뽀로로쌤|소개글이 없습니다.|10|17|0|소주한잔|임창정|Remind
10019|뽀로로쌤|소개글이 없습니다.|10|17|0|Lucky (Feat. Colbie Caillat)|Jason Mraz|Acoustic 2 : 어쿠스틱 팝 모음집
10019|뽀로로쌤|소개글이 없습니다.|10|17|0|Fire|Kasabian|London Story
10019|뽀로로쌤|소개글이 없습니다.|10|17|0|사랑이 다른 사랑으로 잊혀지네|하림|Whistle In A Maze
10020|상빠니|소개글이 없습니다.|60|7|0|내가 저지른 사랑|임창정|I`M
10020|상빠니|소개글이 없습니다.|60|7|0|CHEER UP|TWICE (트와이스)|PAGE TWO
10020|상빠니|소개글이 없습니다.|60|7|0|널 생각해|원 모어 찬스 (one more chance)|원모어찬스
10020|상빠니|소개글이 없습니다.|60|7|0|Dangerous Woman|Ariana Grande|Dangerous Woman
10020|상빠니|소개글이 없습니다.|60|7|0|I See you|강민혁 (CNBLUE)|딴따라 OST Part.4
10020|상빠니|소개글이 없습니다.|60|7|0|풀어 (Pour Up) (Feat. 지코 (ZICO))|DEAN|풀어 (Feat. 지코 (ZICO))
10020|상빠니|소개글이 없습니다.|60|7|0|사랑이란 말이 어울리는 사람(사말어사)|장범준|장범준 1집
10020|상빠니|소개글이 없습니다.|60|7|0|Whoo|레인보우|레인보우 (RAINBOW) 4th Mini Album `Prism`
10020|상빠니|소개글이 없습니다.|60|7|0|착시(錯視)|이적|2적
10020|상빠니|소개글이 없습니다.|60|7|0|Dear|스윗소로우|Sweet Sorrow 3 Single Part 1
10020|상빠니|소개글이 없습니다.|60|7|0|다시 사랑한다면 (니글니글 버터플라이)|김필|복면가왕 47회
10020|상빠니|소개글이 없습니다.|60|7|0|Home|Michael Buble|It`s Time
10020|상빠니|소개글이 없습니다.|60|7|0|손잡아 줘요|이하이|SEOULITE
10020|상빠니|소개글이 없습니다.|60|7|0|떠나야 할 그 사람|잉키|시그널 OST Part.2
10020|상빠니|소개글이 없습니다.|60|7|0|길|김윤아|시그널 OST Part.4
10020|상빠니|소개글이 없습니다.|60|7|0|꽃이 피면|이승열|시그널 OST Part.7
10020|상빠니|소개글이 없습니다.|60|7|0|야 하고 싶어 (Feat. 시우민 of EXO)|지민 (AOA)|야 하고 싶어
10020|상빠니|소개글이 없습니다.|60|7|0|You Are My Everything|거미|태양의 후예 OST Part.4
10020|상빠니|소개글이 없습니다.|60|7|0|우리의 밤은 당신의 낮보다 아름답다|코나|Love (러브)
10020|상빠니|소개글이 없습니다.|60|7|0|Writer`s Block|E SENS|The Anecdote
10020|상빠니|소개글이 없습니다.|60|7|0|Girl Crush|마마무|이니시아 네스트 OST
10020|상빠니|소개글이 없습니다.|60|7|0|Nothing (Feat. 폴킴, 김건)|2LSON|Nothing
10020|상빠니|소개글이 없습니다.|60|7|0|팔당댐 (Feat. 빈지노)|에디킴|팔당댐
10020|상빠니|소개글이 없습니다.|60|7|0|Take Five|Dave Brubeck|Time Out
10020|상빠니|소개글이 없습니다.|60|7|0|Breezy|Wouter Hamel|Nobody`s Tune (Special Edition)
10020|상빠니|소개글이 없습니다.|60|7|0|김태욱의 마음에는 그대가 살고 있나봐|김태욱|김태욱 첫 번째 싱글앨범
10020|상빠니|소개글이 없습니다.|60|7|0|매일밤|EXID|매일밤
10020|상빠니|소개글이 없습니다.|60|7|0|March, April, May|Wouter Hamel|Nobody`s Tune (Special Edition)
10020|상빠니|소개글이 없습니다.|60|7|0|걱정말아요 그대|들국화|들국화
10020|상빠니|소개글이 없습니다.|60|7|0|1cm의 자존심|마마무|1cm의 자존심
10020|상빠니|소개글이 없습니다.|60|7|0|서울은 비|스윗소로우|FOR LOSERS ONLY
10020|상빠니|소개글이 없습니다.|60|7|0|what2do (Feat. Crush, Jeff Bernat)|DEAN|what2do (Feat. Crush, Jeff Bernat)
10020|상빠니|소개글이 없습니다.|60|7|0|Photograph|Ed Sheeran|X (Deluxe Edition)
10020|상빠니|소개글이 없습니다.|60|7|0|나의 구두|스윗소로우|2015 Winter Project `동행`
10020|상빠니|소개글이 없습니다.|60|7|0|Shape Of My Heart|Sting|Ten Summoner‘s Tales
10020|상빠니|소개글이 없습니다.|60|7|0|노래 불러줘요 (Feat. 아이유)|god|Chapter 8
10020|상빠니|소개글이 없습니다.|60|7|0|BestDriver (Feat. 개코 Of 다이나믹듀오)|행주|BestDriver
10020|상빠니|소개글이 없습니다.|60|7|0|팔베개|뜨거운 감자|Who Doesn`t Like Sweet Things.
10020|상빠니|소개글이 없습니다.|60|7|0|바라보기|엠씨더맥스|미녀의 탄생 OST Part 4
10020|상빠니|소개글이 없습니다.|60|7|0|벚꽃 엔딩|버스커 버스커|버스커 버스커 1집
10020|상빠니|소개글이 없습니다.|60|7|0|모르시나요|다비치|아이리스Ⅱ OST Part 1
10020|상빠니|소개글이 없습니다.|60|7|0|겨울이 오면 (Feat. 정준일)|조정치|유작
10020|상빠니|소개글이 없습니다.|60|7|0|믿어선 안될 말 (Live Ver.)|넬 (NELL)|Christmas In Nell`s Room
10020|상빠니|소개글이 없습니다.|60|7|0|독 (Feat. E-Sens Of 슈프림팀)|프라이머리|Primary And The Messengers LP
10020|상빠니|소개글이 없습니다.|60|7|0|허수아비|이하이|허수아비
10020|상빠니|소개글이 없습니다.|60|7|0|되돌리다|이승기|숲
10020|상빠니|소개글이 없습니다.|60|7|0|이미 넌 고마운 사람|홍대광|슈퍼스타 K4 Top 12 Part.2
10020|상빠니|소개글이 없습니다.|60|7|0|사랑해 봤니|이정|Thank You
10020|상빠니|소개글이 없습니다.|60|7|0|힐링이 필요해|로이킴|슈퍼스타K4 Top 12 Part.6
10020|상빠니|소개글이 없습니다.|60|7|0|사랑은 눈꽃처럼|XIA (준수)|세상 어디에도 없는 착한남자 OST Part.1
10020|상빠니|소개글이 없습니다.|60|7|0|청춘마끼아또|이지형|청춘마끼아또
10020|상빠니|소개글이 없습니다.|60|7|0|노래는 불빛처럼 달린다|페퍼톤스|Open Run
10020|상빠니|소개글이 없습니다.|60|7|0|가족|홍대광|슈퍼스타K4 Top12 Part.3
10020|상빠니|소개글이 없습니다.|60|7|0|? (물음표) (Feat. 최자 Of 다이나믹듀오, Zion.T)|프라이머리|Primary And The Messengers LP
10020|상빠니|소개글이 없습니다.|60|7|0|뭐라할까|브리즈|Counterblow
10020|상빠니|소개글이 없습니다.|60|7|0|True|Martin Taylor|Solo
10022|라이온|소개글이 없습니다.|282|14|3|사랑보다 깊은 상처|임재범|비상
10022|라이온|소개글이 없습니다.|282|14|3|하늘을 달리다 (원곡가수 이적)|소향|`나는 가수다 2` 8월 A조 경연
10022|라이온|소개글이 없습니다.|282|14|3|김제동송 - 오쿄쿄쿄|윤도현|김제동송 - 오쿄쿄쿄
10022|라이온|소개글이 없습니다.|282|14|3|첫인상|박정현|[서바이벌 나는 가수다] 경연2. `서로의 노래 바꿔 부르기`
10022|라이온|소개글이 없습니다.|282|14|3|니가 싫어|어반자카파|니가 싫어
10022|라이온|소개글이 없습니다.|282|14|3|Fly Away|라디|Fly Away
10022|라이온|소개글이 없습니다.|282|14|3|사랑이 지나가면|이문세|이문세 골든 15
10022|라이온|소개글이 없습니다.|282|14|3|Dream|이루마|강아지 똥 OST
10022|라이온|소개글이 없습니다.|282|14|3|Love Is... (Pop Ver.) (Duet With 안정아)|김현철|Kid`s Pop `Love Is...`
10022|라이온|소개글이 없습니다.|282|14|3|I`m Yours|Jason Mraz|The Studio Album Collection, Volume One
10022|라이온|소개글이 없습니다.|282|14|3|안아줘|정준일|Lo9ve3r4s
10022|라이온|소개글이 없습니다.|282|14|3|York Town Girl|Eddie Higgins Trio|Portraits Of Love
10022|라이온|소개글이 없습니다.|282|14|3|The Boy From Wonderland (더페이스샵 권상우, 윤진서편)|두번째 달|두번째 달 1집
10022|라이온|소개글이 없습니다.|282|14|3|Let`s Touch The Sky|Fourplay|Let`s Touch The Sky
10022|라이온|소개글이 없습니다.|282|14|3|五月の村 / Gogatsuno Mura (오월의 마을)|Hisaishi Joe|이웃집 토토로 OST
10022|라이온|소개글이 없습니다.|282|14|3|Let It Go|Idina Menzel|겨울왕국 OST (33 Trks Ver.)
10022|라이온|소개글이 없습니다.|282|14|3|You`ve Got a Friend In Me (Remastered 2015)|Randy Newman|토이스토리 OST (Walt Disney Records The Legacy Collection: Toy Story)
10022|라이온|소개글이 없습니다.|282|14|3|Flying With Mother|John Powell|영화 `드래곤 길들이기2 (How To Train Your Dragon 2)` OST
10022|라이온|소개글이 없습니다.|282|14|3|Turnaround (Feat. Camille)|Hans Zimmer|어린왕자 2015 OST
10022|라이온|소개글이 없습니다.|282|14|3|What A Wonderful World|Louis Armstrong|Louis Armstrong
10022|라이온|소개글이 없습니다.|282|14|3|New York, New York|Frank Sinatra|Best Of Duets (20th Anniversary)
10022|라이온|소개글이 없습니다.|282|14|3|When You`re Smiling|Louis Armstrong|When You`re Smiling
10022|라이온|소개글이 없습니다.|282|14|3|Let It Go|Idina Menzel|Frozen
10022|라이온|소개글이 없습니다.|282|14|3|`라 트라비아타` - 축배의 노래 (이태리 - Chianti)|Monte-Carlo Philharmonic Orchestra|Wine & Music (와인과 음악의 조우)
10022|라이온|소개글이 없습니다.|282|14|3|Night Child|Oscar Peterson|The Composer
10022|라이온|소개글이 없습니다.|282|14|3|Un Homme Et Une Femme - 남과 여|박주원|집시시네마
10022|라이온|소개글이 없습니다.|282|14|3|So Far Away|Kurt Elling|1619 Broadway - The Brill Building Project
10022|라이온|소개글이 없습니다.|282|14|3|사랑비|김태우|T-Virus
10022|라이온|소개글이 없습니다.|282|14|3|러브송|7공주|겨울...봄, 여름, 가을
10022|라이온|소개글이 없습니다.|282|14|3|라라라|SG 워너비|My Friend
10022|라이온|소개글이 없습니다.|282|14|3|Maria|김아중|미녀는 괴로워 OST
10022|라이온|소개글이 없습니다.|282|14|3|낭만고양이|체리 필터|Made In Korea?
10022|라이온|소개글이 없습니다.|282|14|3|김밥|더 자두|The Jadu 3
10022|라이온|소개글이 없습니다.|282|14|3|마법의 성|더 클래식|마법의 성
10022|라이온|소개글이 없습니다.|282|14|3|네모의 꿈|화이트|Dream Come True
10022|라이온|소개글이 없습니다.|282|14|3|내 영혼이 은총입어|김남희|테너 김남희 찬송가
10022|라이온|소개글이 없습니다.|282|14|3|Ravel : Gaspard De La Nuit M.55 - I. Ondine (Live) (라벨 : 밤의 가스파르 - 1번. 물의 요정)|Lucas Debargue|Scarlatti, Chopin, Liszt, Ravel
10022|라이온|소개글이 없습니다.|282|14|3|Chopin : Ballade No.4 In F Minor Op.52 (Live) (쇼팽 : 발라드 4번 바단조 작품번호 52)|Lucas Debargue|Scarlatti, Chopin, Liszt, Ravel
10022|라이온|소개글이 없습니다.|282|14|3|Liszt : Nocturne No.3 In A Flat Major Op.62-1 S.541 `Dream Of Love` (리스트 : 야상곡 3번 내림 가장조 작품번호 62-1 `사랑의 꿈`)|Franz Liszt|Revolutionar Und Virtuose (Revolutionary And Virtuoso, 리스트 - 혁명과 거장)
10022|라이온|소개글이 없습니다.|282|14|3|Chopin : 24 Preludes No.4 In E Minor Op.28 (쇼팽 : 24개의 전주곡 4번 마단조 작품번호 28)|조성진|2015 쇼팽 콩쿠르 실황앨범
10022|라이온|소개글이 없습니다.|282|14|3|기억의 습작|김동률|Thanks (감사)
10022|라이온|소개글이 없습니다.|282|14|3|여수 밤바다|버스커 버스커|버스커 버스커 1집
10022|라이온|소개글이 없습니다.|282|14|3|천일동안 (이승환)|옥주현|[서바이벌 나는 가수다] 경연4-1. `내가 좋아하는 뮤지션의 곡 부르기`
10022|라이온|소개글이 없습니다.|282|14|3|말리꽃|이승철|청연 OST
10022|라이온|소개글이 없습니다.|282|14|3|A Thousand Years|Christina Perri|트와일라잇 : 다시 시작되는 신화 - 브레이킹 던 Part.1 OST
10022|라이온|소개글이 없습니다.|282|14|3|미스터 미스터리|안예은|K팝 스타 시즌5 TOP10 Part.1
10022|라이온|소개글이 없습니다.|282|14|3|금요일에 만나요 (Feat. 장이정 Of HISTORY)|아이유|Modern Times - Epilogue
10022|라이온|소개글이 없습니다.|282|14|3|In The Mood|The Glenn Miller Orchestra|Timeless+12
10022|라이온|소개글이 없습니다.|282|14|3|Happy Bubble (하우젠 CF 삽입곡)|윈터 플레이|Happy Bubble
10022|라이온|소개글이 없습니다.|282|14|3|New York, New York|Luciano Pavarotti|Pavarotti & Friends For War Child
10022|라이온|소개글이 없습니다.|282|14|3|Jingle Bell Rock (Glee Cast Ver.)|Glee Cast|Glee : The Music, The Christmas Album Vol.3
10022|라이온|소개글이 없습니다.|282|14|3|Let It Snow|Hilary Kole|Have Yourself A Merry Little Christmas
10022|라이온|소개글이 없습니다.|282|14|3|The Way You Look Tonight|Maroon 5|The Way You Look Tonight
10022|라이온|소개글이 없습니다.|282|14|3|Misty|Ella Fitzgerald|Something To Live For
10022|라이온|소개글이 없습니다.|282|14|3|You And I|Michael Buble|It`s Time
10022|라이온|소개글이 없습니다.|282|14|3|My Grandfather`s Clock (할아버지의 시계)|Marcela Mangabeira|Kids Bossa Nova Orgel Lullaby : 키즈 보사노바 오르골 자장가 (유아를 위한 오르골 보사노바 애니메이션, 영어동요, 팝송 연주곡)
10022|라이온|소개글이 없습니다.|282|14|3|Silhouette|Birdy|Beautiful Lies (Deluxe)
10022|라이온|소개글이 없습니다.|282|14|3|People Help The People|Birdy|Birdy
10022|라이온|소개글이 없습니다.|282|14|3|Beautiful Lies|Birdy|Beautiful Lies (Deluxe)
10022|라이온|소개글이 없습니다.|282|14|3|People Help The People|Birdy|Birdy (Deluxe Ver.)
10022|라이온|소개글이 없습니다.|282|14|3|History|Yoshimata Ryo|냉정과 열정사이 OST
10022|라이온|소개글이 없습니다.|282|14|3|Take The 'A'Train|Betty Roche|If You Like Jazz...Vol. 01
10022|라이온|소개글이 없습니다.|282|14|3|Stompin` At the Savoy (영화 `해리가 샐리를 만났을 때`)|Benny Goodman|영화 음악을 좋아하세요? (Special Edition : 7080 팝송, 보사, 재즈, 뮤지컬, 뉴에이지, OST, 오페라, 클래식)
10022|라이온|소개글이 없습니다.|282|14|3|Blue Moon (영화 `뉴욕 뉴욕`)|Billie Holiday|영화 음악을 좋아하세요? (Special Edition : 7080 팝송, 보사, 재즈, 뮤지컬, 뉴에이지, OST, 오페라, 클래식)
10022|라이온|소개글이 없습니다.|282|14|3|星をのんだ少年 / Hoshiwo Nonda Shounen (별을 삼킨 소년)|Hisaishi Joe|하울의 움직이는 성 OST
10022|라이온|소개글이 없습니다.|282|14|3|Debussy : Claire De Lune (드뷔시 : 달빛)|Libera|The Power And The Glory
10022|라이온|소개글이 없습니다.|282|14|3|あの夏へ / Ano Natsue (어느 여름날)|Hisaishi Joe|센과 치히로의 행방불명 OST
10022|라이온|소개글이 없습니다.|282|14|3|Merry Christmas Mr Lawrence - From `Furyo`|Sakamoto Ryuichi|Les Films Du Siecle
10022|라이온|소개글이 없습니다.|282|14|3|바람의 빛깔|오연준|위키드 Part.1
10022|라이온|소개글이 없습니다.|282|14|3|아빠와 함께 왈츠를 (Duet With 홍수연)|김현철|Kid`s Pop `Love Is...`
10022|라이온|소개글이 없습니다.|282|14|3|미아|박정현|On&On
10022|라이온|소개글이 없습니다.|282|14|3|Come Fly With Me|Michael Buble|Michael Buble
10022|라이온|소개글이 없습니다.|282|14|3|말하는 대로|처진 달팽이 (유재석 & 이적)|무한도전 서해안 고속도로 가요제
10022|라이온|소개글이 없습니다.|282|14|3|난 당신을 원해요 (Je Te Veux / Erik Satie)|Acoustic Cafe|For Your Loneliness (Re-Issue)
10022|라이온|소개글이 없습니다.|282|14|3|Hana-Bi (하나비)|Hisaishi Joe|Joe Hisaishi Meets Kitano
10022|라이온|소개글이 없습니다.|282|14|3|Hit The Road Jack|Ray Charles|Ray Charles
10022|라이온|소개글이 없습니다.|282|14|3|너에게 닿기를 (To You)|정환호|기억의 노래
10022|라이온|소개글이 없습니다.|282|14|3|Don't Be That Way|Benny Goodman Orchestra|Big Bands
10022|라이온|소개글이 없습니다.|282|14|3|Gravity (SBS K팝스타 시즌4 전소현 가창곡)|Sara Bareilles|Little Voice
10022|라이온|소개글이 없습니다.|282|14|3|Rachmaninov : Rhapsody On A Theme Of Paganini Op.43 - Var.XVIII Andante Cantabile (라흐마니노프 : 파가니니 주제에 의한 광시곡 작품번호 43 - 18변주곡)|Sergey Rachmaninov|Sergei Rachmaninoff : Orchestral Works, Piano Concertos And Works, Aleko (세르게이 라흐마니노프 : 오케스트라 작품, 피아노 협주곡과 알레코)
10022|라이온|소개글이 없습니다.|282|14|3|끝내 전하지 못한 말|이적|사랑
10022|라이온|소개글이 없습니다.|282|14|3|Just A Kiss|Lady Antebellum|Just A Kiss
10022|라이온|소개글이 없습니다.|282|14|3|Workflow (Feat. Dumbfoundead)|Jeff Bernat|Modern Renaissance
10022|라이온|소개글이 없습니다.|282|14|3|바람이 불어오는 곳|제이레빗|`명불허전` 김광석 다시듣기
10022|라이온|소개글이 없습니다.|282|14|3|Symphonic Variation Merry-Go-Round|Hisaishi Joe|Works 3
10022|라이온|소개글이 없습니다.|282|14|3|괴수의 노래|박아셀|괴수
10022|라이온|소개글이 없습니다.|282|14|3|How Deep Is The Ocean (Album Ver.)|Bill Evans|Bill Evans : Verve Ultimate Cool
10022|라이온|소개글이 없습니다.|282|14|3|The Piano Duet|Danny Elfman|유령신부 (Tim Burton`s Corpse Bride) OST
10022|라이온|소개글이 없습니다.|282|14|3|사랑하기 때문에|유재하|사랑하기 때문에 Remastering
10022|라이온|소개글이 없습니다.|282|14|3|소녀|이문세|3집
10022|라이온|소개글이 없습니다.|282|14|3|Home|Michael Buble|It`s Time
10022|라이온|소개글이 없습니다.|282|14|3|Without You (Acoustic)|Dami Im|Heart Beats (Deluxe Edit.)
10022|라이온|소개글이 없습니다.|282|14|3|Solid Ground (Stop The World)|Dami Im|Heart Beats (Deluxe Edit.)
10022|라이온|소개글이 없습니다.|282|14|3|Prologue|Alan Menken|미녀와 야수 (Beauty And The Beast) OST
10022|라이온|소개글이 없습니다.|282|14|3|Almost There|Anika Noni Rose|공주와 개구리 OST
10022|라이온|소개글이 없습니다.|282|14|3|Down In New Orleans (Prologue)|Anika Noni Rose|공주와 개구리 OST
10022|라이온|소개글이 없습니다.|282|14|3|Tchaikovsky : The Nutcracker Suite Op.71a - VIII. Waltz Of The Flowers (차이콥스키 : 호두까기 인형 모음곡 작품번호 71a - 7번. 꽃의 왈츠)|Manhattan Jazz Orchestra|Bolero (Part.3)
10022|라이온|소개글이 없습니다.|282|14|3|Hanky Panky (Remastered 2015)|Dexter Gordon|Clubhouse (Remastered 2015)
10022|라이온|소개글이 없습니다.|282|14|3|Gershwin : Rhapsody In Blue For 4 Hands Piano (거슈인 : 두대의 피아노를 위한 랩소디 인 블루) (`노다메 레코딩` 다큐먼트 버전)|Lang Lang|노다메 데뷔
10022|라이온|소개글이 없습니다.|282|14|3|Gershwin : Rhapsody In Blue (거슈인 : 랩소디 인 블루) (`최종악장 후편` 엔딩)|Lang Lang|노다메 데뷔
10022|라이온|소개글이 없습니다.|282|14|3|Send In The Clowns|Rose Jang|Broadway Comes To Seoul Arts Center
10022|라이온|소개글이 없습니다.|282|14|3|Send In The Clowns (어 리틀 나이트 뮤직 OST)|Helen Hobson|100 Greatest Musicals (가장 위대한 뮤지컬 음악 100선)
10022|라이온|소개글이 없습니다.|282|14|3|Send In The Clowns|조수미|Lim Hyung Joo Selects: 임형주가 선사하는 아름다운 음악
10022|라이온|소개글이 없습니다.|282|14|3|사랑이야|스윗소로우|나는 가수다 시즌3 7회 `네티즌 추천곡`
10022|라이온|소개글이 없습니다.|282|14|3|바람이 분다|스윗소로우|나는 가수다 시즌3 3회 `내가 부르고 싶은 노래`
10022|라이온|소개글이 없습니다.|282|14|3|I Dream|15& (박지민, 백예린)|I Dream
10022|라이온|소개글이 없습니다.|282|14|3|Dream (With 전주영)|이루마|강아지 똥 OST
10022|라이온|소개글이 없습니다.|282|14|3|All Myself To You|이루마|강아지 똥 OST
10022|라이온|소개글이 없습니다.|282|14|3|Scarborough Fair (Simon & Garfunkel)|Kokia|Musique A La Carte
10022|라이온|소개글이 없습니다.|282|14|3|1994년 어느 늦은 밤|럼블피쉬|One Sweet Day
10022|라이온|소개글이 없습니다.|282|14|3|1994년 어느 늦은 밤|장혜진|It`s My Life: 6집 & Best
10022|라이온|소개글이 없습니다.|282|14|3|Someday (피쳐링. 윤도현 Of YB)|리쌍|Unplugged
10022|라이온|소개글이 없습니다.|282|14|3|마음대로|이진아|K팝 스타 시즌4 `마음대로`
10022|라이온|소개글이 없습니다.|282|14|3|베토벤 교향곡 9번 합창 - V. 환희의 송가 - Allegro Assai Vivace, Alla Marcia|Konstantin Scherbakov|LISZT : 베토벤 교향곡 9번 합창 (피아노편곡)
10022|라이온|소개글이 없습니다.|282|14|3|Paradise|디아|Paradise
10022|라이온|소개글이 없습니다.|282|14|3|My Eden|이사벨 (Yisabel)|구가의 서 OST
10022|라이온|소개글이 없습니다.|282|14|3|Counting Stars|OneRepublic|Native (Deluxe Edition)
10022|라이온|소개글이 없습니다.|282|14|3|On My Own|Samantha Barks|레미제라블 OST
10022|라이온|소개글이 없습니다.|282|14|3|Suddenly|Hugh Jackman|레미제라블 OST
10022|라이온|소개글이 없습니다.|282|14|3|Chopin : Ballade No.4 In F Minor Op.52 (쇼팽 : 발라드 4번 바단조 작품번호 52)|Ingolf Wunder|내일도 칸타빌레 클래식 앨범 Part.1
10022|라이온|소개글이 없습니다.|282|14|3|Massenet : Thais - Meditation (마스네 : 타이스 - 명상곡)|Richard Yongjae O`Neill|내일도 칸타빌레 클래식 앨범 Part.1
10022|라이온|소개글이 없습니다.|282|14|3|얼음연못|두번째 달|두번째 달 1집
10022|라이온|소개글이 없습니다.|282|14|3|Lost Stars|Adam Levine (Maroon 5)|비긴 어게인 OST
10022|라이온|소개글이 없습니다.|282|14|3|사랑아 제발|아이리|사랑아 제발
10022|라이온|소개글이 없습니다.|282|14|3|In His Eyes (LP Ver.)|Jekyll & Hyde|Jekyll & Hyde
10022|라이온|소개글이 없습니다.|282|14|3|Someone Like You (LP Ver.)|Jekyll & Hyde|Jekyll & Hyde
10022|라이온|소개글이 없습니다.|282|14|3|Skyfall|Adele|Skyfall
10022|라이온|소개글이 없습니다.|282|14|3|Merry Christmas Mr. Lawrence|Sakamoto Ryuichi|Three
10022|라이온|소개글이 없습니다.|282|14|3|Thank You For The Music|ABBA|The Essential Collection
10022|라이온|소개글이 없습니다.|282|14|3|엄마와 바다의 찬가 (母と海の讚歌 / Hahato Umino Sannka)|Hisaishi Joe|벼랑위의 포뇨 OST
10022|라이온|소개글이 없습니다.|282|14|3|소스케의 눈물 (宗介のなみだ / Sosukeno Namida)|Hisaishi Joe|벼랑위의 포뇨 OST
10022|라이온|소개글이 없습니다.|282|14|3|구란만마레 (グランマンマ-レ / Gurinnmannmare)|Hisaishi Joe|벼랑위의 포뇨 OST
10022|라이온|소개글이 없습니다.|282|14|3|심해 목장 (深海牧場 / Sinkai Bokuzyou)|Hisaishi Joe|벼랑위의 포뇨 OST
10022|라이온|소개글이 없습니다.|282|14|3|사랑의 찬가 (L`hymne A L`amour)|Edith Piaf|추억과 낭만의 샹송 스토리
10022|라이온|소개글이 없습니다.|282|14|3|천개의 바람이 되어|임형주|My Hero
10022|라이온|소개글이 없습니다.|282|14|3|Going Home|김윤아|315360
10022|라이온|소개글이 없습니다.|282|14|3|Turning Tables|Adele|21
10022|라이온|소개글이 없습니다.|282|14|3|Rolling In The Deep|Adele|21
10022|라이온|소개글이 없습니다.|282|14|3|Someone Like You|Adele|21
10022|라이온|소개글이 없습니다.|282|14|3|If You Wonder|Jeff Bernat|The Gentleman Approach
10022|라이온|소개글이 없습니다.|282|14|3|Just The Way You Are|Bruno Mars|Just The Way You Are
10022|라이온|소개글이 없습니다.|282|14|3|Marry You (MBC 무한도전 광희 결혼 축가 곡)|Bruno Mars|Love Songs For Life
10022|라이온|소개글이 없습니다.|282|14|3|Golden (Feat. Stevie Nicks)|Lady Antebellum|Golden
10022|라이온|소개글이 없습니다.|282|14|3|야생화|박효신|야생화
10022|라이온|소개글이 없습니다.|282|14|3|Don`t Know Why|Norah Jones|Come Away With Me
10022|라이온|소개글이 없습니다.|282|14|3|When Will My Life Begin (Reprise 2)|Mandy Moore|라푼젤 OST
10022|라이온|소개글이 없습니다.|282|14|3|People (화니 걸 OST)|Emma Kershaw|100 Greatest Musicals (가장 위대한 뮤지컬 음악 100선)
10022|라이온|소개글이 없습니다.|282|14|3|As Long As He Needs Me (올리버! OST)|Emma Kershaw|100 Greatest Musicals (가장 위대한 뮤지컬 음악 100선)
10022|라이온|소개글이 없습니다.|282|14|3|The Sound Of Music (사운드 오브 뮤직 OST)|Helen Hobson|100 Greatest Musicals (가장 위대한 뮤지컬 음악 100선)
10022|라이온|소개글이 없습니다.|282|14|3|And This Is My Beloved (키스밋 OST)|Lesley Garrett|100 Greatest Musicals (가장 위대한 뮤지컬 음악 100선)
10022|라이온|소개글이 없습니다.|282|14|3|Luck Be A Lady (아가씨와 건달들 OST)|Dave Willetts|100 Greatest Musicals (가장 위대한 뮤지컬 음악 100선)
10022|라이온|소개글이 없습니다.|282|14|3|Younger Than Springtime (남태평양 OST)|David Shannon|100 Greatest Musicals (가장 위대한 뮤지컬 음악 100선)
10022|라이온|소개글이 없습니다.|282|14|3|The Girl That I Marry (애니여! 총을 잡아라 OST)|Jason Howard|100 Greatest Musicals (가장 위대한 뮤지컬 음악 100선)
10022|라이온|소개글이 없습니다.|282|14|3|Anything You Can Do (애니여! 총을 잡아라 OST)|Jason Howard|100 Greatest Musicals (가장 위대한 뮤지컬 음악 100선)
10022|라이온|소개글이 없습니다.|282|14|3|Soliloquy (회전목마 OST)|Jason Howard|100 Greatest Musicals (가장 위대한 뮤지컬 음악 100선)
10022|라이온|소개글이 없습니다.|282|14|3|If I Loved You (회전목마 OST)|Jason Howard|100 Greatest Musicals (가장 위대한 뮤지컬 음악 100선)
10022|라이온|소개글이 없습니다.|282|14|3|The Surrey With The Fringe On Top (오클라호마 OST)|Jason Howard|100 Greatest Musicals (가장 위대한 뮤지컬 음악 100선)
10022|라이온|소개글이 없습니다.|282|14|3|Oh, What A Beautiful Morning (오클라호마 OST)|Jason Howard|100 Greatest Musicals (가장 위대한 뮤지컬 음악 100선)
10022|라이온|소개글이 없습니다.|282|14|3|Dat`s Love (정열의 카르멘 OST)|Lesley Garrett|100 Greatest Musicals (가장 위대한 뮤지컬 음악 100선)
10022|라이온|소개글이 없습니다.|282|14|3|Summertime (포기 앤 베스 OST)|Lesley Garrett|100 Greatest Musicals (가장 위대한 뮤지컬 음악 100선)
10022|라이온|소개글이 없습니다.|282|14|3|Anything Goes (애니씽 고즈 OST)|Helen Hobson|100 Greatest Musicals (가장 위대한 뮤지컬 음악 100선)
10022|라이온|소개글이 없습니다.|282|14|3|Quando, Quando, Quando|Michael Buble|It`s Time
10022|라이온|소개글이 없습니다.|282|14|3|Don`t Know Why|Norah Jones|Come Away With Me (Deluxe Edition)
10022|라이온|소개글이 없습니다.|282|14|3|Don`t Stop The Music|Jamie Cullum|Don`t Stop The Music
10022|라이온|소개글이 없습니다.|282|14|3|The Christmas Song|Kai|First Christmas
10022|라이온|소개글이 없습니다.|282|14|3|사랑해도 될까요?|유리상자|유리상자 5th
10022|라이온|소개글이 없습니다.|282|14|3|What Beautiful Stars|이루마|아기의 감성지수(EQ)를 높이는 피아노 태교음악 (All Music By 이루마)
10022|라이온|소개글이 없습니다.|282|14|3|Reverie|Yuhki Kuramoto|Reverie (꿈의 창가에서)
10022|라이온|소개글이 없습니다.|282|14|3|Fool`s Mate|Biggi Hilmars|Cinematic Songs
10022|라이온|소개글이 없습니다.|282|14|3|Spring Rain|이루마|봄, 벚꽃 그리고 힐링
10022|라이온|소개글이 없습니다.|282|14|3|The Whole Nine Yards|Yoshimata Ryo|냉정과 열정사이 OST
10022|라이온|소개글이 없습니다.|282|14|3|One Day I Will|이루마|아기의 감성지수(EQ)를 높이는 피아노 태교음악 (All Music By 이루마)
10022|라이온|소개글이 없습니다.|282|14|3|Letter|이루마|Healing Piano
10022|라이온|소개글이 없습니다.|282|14|3|All Myself To You|이루마|Healing Piano
10022|라이온|소개글이 없습니다.|282|14|3|O Holy Night|Jim Brickman|A Christmas Celebration
10022|라이온|소개글이 없습니다.|282|14|3|Long Long Ago|Acoustic Cafe|For Your Memories
10022|라이온|소개글이 없습니다.|282|14|3|Last Carnival|Acoustic Cafe|For Your Memories
10022|라이온|소개글이 없습니다.|282|14|3|It`s You|박효신|미래의 선택 OST Part 4
10022|라이온|소개글이 없습니다.|282|14|3|Tchaikovsky : The Nutcracker Suite Op.71a - VIII. Waltz Of The Flowers (차이콥스키 : 호두까기 인형 모음곡 작품번호 71a - 8번. 꽃의 왈츠)|Slovak Philharmonic Orchestra|The Nutcracker (호두까기 인형)
10022|라이온|소개글이 없습니다.|282|14|3|Once Upon A Dream|Frank Wildhorn|지킬 앤 하이드 OST
10022|라이온|소개글이 없습니다.|282|14|3|슈만 : 시인의 사랑 중 아름다운 5월에|Thomas E.Bauer|세상의 모든 밤 (별이 빛나는 밤의 음악 이야기)
10022|라이온|소개글이 없습니다.|282|14|3|I Have Nothing (Whitney Houston)|소향|`나는 가수다` 2 Best Collection
10022|라이온|소개글이 없습니다.|282|14|3|말리꽃 (원곡가수 이승철)|이정|`나는 가수다 2` 10월 B조 경연
10022|라이온|소개글이 없습니다.|282|14|3|All I Ask Of You (Reprise)|Andrew Lloyd Webber|오페라의 유령 OST
10022|라이온|소개글이 없습니다.|282|14|3|All I Ask Of You|Andrew Lloyd Webber|오페라의 유령 OST
10022|라이온|소개글이 없습니다.|282|14|3|The Music Of The Night|Andrew Lloyd Webber|오페라의 유령 OST
10022|라이온|소개글이 없습니다.|282|14|3|Chopin : Etude No.3 In E Major Op.10 `Tristesse` (쇼팽 : 연습곡 3번 마장조 작품번호 10 `이별의 곡`)|헤라클래식|Frederic Chopin - Etudes Op.10 (건반의 향연)
10022|라이온|소개글이 없습니다.|282|14|3|12 o`clock|로이킴|Love Love Love
10022|라이온|소개글이 없습니다.|282|14|3|The Swan|주걸륜|말할 수 없는 비밀 OST
10022|라이온|소개글이 없습니다.|282|14|3|로소우 (路小雨)|주걸륜|말할 수 없는 비밀 OST
10022|라이온|소개글이 없습니다.|282|14|3|I Won`t Give Up (Demo)|Jason Mraz|Love Is A Four Letter Word (Deluxe Ver.)
10022|라이온|소개글이 없습니다.|282|14|3|Be Honest (Feat. Inara George)|Jason Mraz|Love Is A Four Letter Word (Deluxe Ver.)
10022|라이온|소개글이 없습니다.|282|14|3|I Won`t Give Up|Jason Mraz|Love Is A Four Letter Word (Deluxe Ver.)
10022|라이온|소개글이 없습니다.|282|14|3|Arabeque|오신정|Pastel Love
10022|라이온|소개글이 없습니다.|282|14|3|요즘 너 말야 (Piano Ver.)|제이레빗|It`s Spring
10022|라이온|소개글이 없습니다.|282|14|3|My Eden|이사벨 (Yisabel)|구가의 서 OST Part.1
10022|라이온|소개글이 없습니다.|282|14|3|Sunday Morning|Maroon 5|Sunday Morning
10022|라이온|소개글이 없습니다.|282|14|3|One More Night|Maroon 5|POP (18 Hottest Hits Of The Year)
10022|라이온|소개글이 없습니다.|282|14|3|너를 되뇌다 (Feat. 로맨티스코)|손승연|골든타임 OST
10022|라이온|소개글이 없습니다.|282|14|3|사랑이 방울지네|10cm|오렌지 레볼루션 페스티벌 Part.1
10022|라이온|소개글이 없습니다.|282|14|3|Chopin (쇼팽) : Fantaisie-Impromptu (즉흥 환상곡), Op. 68|Chrysanth O |피아노 연주집 4
10022|라이온|소개글이 없습니다.|282|14|3|Chaconne|이루마|아기의 감성지수(EQ)를 높이는 피아노 태교음악 (All Music By 이루마)
10022|라이온|소개글이 없습니다.|282|14|3|Kiss The Rain|이루마|아기의 감성지수(EQ)를 높이는 피아노 태교음악 (All Music By 이루마)
10022|라이온|소개글이 없습니다.|282|14|3|Dream (Piano Solo)|이루마|아기의 감성지수(EQ)를 높이는 피아노 태교음악 (All Music By 이루마)
10022|라이온|소개글이 없습니다.|282|14|3|River Flows In you|이루마|아기의 감성지수(EQ)를 높이는 피아노 태교음악 (All Music By 이루마)
10022|라이온|소개글이 없습니다.|282|14|3|High High|김태우|신사의 품격 OST Part 1
10022|라이온|소개글이 없습니다.|282|14|3|난 여기에 있네|윤도현|경기도 노래 `난 여기에 있네`
10022|라이온|소개글이 없습니다.|282|14|3|봄을 그리다|어반자카파|[01]
10022|라이온|소개글이 없습니다.|282|14|3|미친거니|바이브|Vibe In Praha
10022|라이온|소개글이 없습니다.|282|14|3|비가 오던 날|힙합시보사동|비가 오던 날
10022|라이온|소개글이 없습니다.|282|14|3|인연|이선희|사춘기 (四春期)
10022|라이온|소개글이 없습니다.|282|14|3|첫사랑|버스커 버스커|버스커 버스커 1집
10022|라이온|소개글이 없습니다.|282|14|3|Beautiful Day|어반자카파|Beautiful Day
10022|라이온|소개글이 없습니다.|282|14|3|커피를 마시고 (Main Ver.)|어반자카파|커피를 마시고
10022|라이온|소개글이 없습니다.|282|14|3|그날에 우리|어반자카파|[01]
10022|라이온|소개글이 없습니다.|282|14|3|Inevitability|어반자카파|커피를 마시고
10022|라이온|소개글이 없습니다.|282|14|3|Just A Feeling|어반자카파|Beautiful Day
10022|라이온|소개글이 없습니다.|282|14|3|떠나는 사람, 남겨진 사람|어반자카파|Sweety You
10022|라이온|소개글이 없습니다.|282|14|3|그냥 가요 (Feat. 조현아 Of 어반자카파)|긱스 (Geeks)|그냥 가요
10022|라이온|소개글이 없습니다.|282|14|3|벚꽃 엔딩|버스커 버스커|버스커 버스커 1집
10022|라이온|소개글이 없습니다.|282|14|3|아침에|긱스 (Geeks)|아침에
10022|라이온|소개글이 없습니다.|282|14|3|Just The Two Of Us|어반자카파|Beautiful Day
10022|라이온|소개글이 없습니다.|282|14|3|Something Special|어반자카파|Beautiful Day
10022|라이온|소개글이 없습니다.|282|14|3|Always Be Mine|어반자카파|[01]
10022|라이온|소개글이 없습니다.|282|14|3|If I Ain`t Got You (Feat. Usher)|Alicia Keys|If I Ain't Got You
10022|라이온|소개글이 없습니다.|282|14|3|더 가까이|김연우|브레인 OST Part 5
10022|라이온|소개글이 없습니다.|282|14|3|행복했다...안녕|김연우|Mr. Big
10022|라이온|소개글이 없습니다.|282|14|3|You Are My Love|김연우|내게 거짓말을 해봐 OST Part.4
10022|라이온|소개글이 없습니다.|282|14|3|You Are My Love|김연우|내게 거짓말을 해봐 OST
10022|라이온|소개글이 없습니다.|282|14|3|이별연습 (인순이)|신효범|[나는 가수다] 경연 14-1
10022|라이온|소개글이 없습니다.|282|14|3|내사랑 내곁에 (김현식)|김연우|[나는 가수다] `호주 특별 공연`
10022|라이온|소개글이 없습니다.|282|14|3|나와 같다면 (김장훈)|김연우|[서바이벌 나는 가수다] 경연3-2. `네티즌 추천곡`
10022|라이온|소개글이 없습니다.|282|14|3|마법의 성 (더클래식)|YB|[서바이벌 나는 가수다] 경연3-1. `내가 부르고싶은 남의노래`
10022|라이온|소개글이 없습니다.|282|14|3|그대 내게 다시 (변진섭)|BMK|[서바이벌 나는 가수다] 경연3-1. `내가 부르고싶은 남의노래`
10022|라이온|소개글이 없습니다.|282|14|3|이젠 그랬으면 좋겠네 (조용필)|박정현|[서바이벌 나는 가수다] 경연3-1. `내가 부르고싶은 남의노래`
10022|라이온|소개글이 없습니다.|282|14|3|제발|김범수|[서바이벌 나는 가수다] 경연2. `서로의 노래 바꿔 부르기`
10022|라이온|소개글이 없습니다.|282|14|3|River Flows In You|이루마|Piano In You
10022|라이온|소개글이 없습니다.|282|14|3|Chopin : 12 Etudes No.23 In A Minor Op.25-11 `Winter Wind` - Lento (쇼팽 : 12개의 연습곡 23번 가단조 작품번호 25-11 `겨울바람`)|디어클래식|피아노가 아름다운 클래식 2 (쇼팽 연습곡)
10022|라이온|소개글이 없습니다.|282|14|3|내 낡은 서랍 속의 바다|박정현|[서바이벌 나는 가수다] 경연4-2. `청중평가단 추천곡`
10025|정주연|소개글이 없습니다.|4|5|0|More Than That|Backstreet Boys|Black & Blue
10025|정주연|소개글이 없습니다.|4|5|0|반짝반짝|걸스데이|Girl`s Day Party #3
10025|정주연|소개글이 없습니다.|4|5|0|이노래|2AM|이노래
10026|narae317|소개글이 없습니다.|2|8|0|Get Inside Your Heart (Feat. Pismo)|Nishihara Kenichiro|Natural Relax Presented By Folklove
10026|narae317|소개글이 없습니다.|2|8|0|24시간후|투빅|24시간후
